{
	"lc101": 1040.3200000000002, 
	"lc102": 1583.7200000000003, 
	"lc103": 1597.5100000000002, 
	"lc104": 1449.52, 
	"lc105": 1313.19, 
	"lc106": 1607.0799999999997, 
	"lc107": 1450.96, 
	"lc108": 1735.3700000000001, 
	"lc109": 1629.4099999999999, 
	"lc201": 710.26, 
	"lc202": 1313.79, 
	"lc203": 1349.5100000000002, 
	"lc204": 1381.52, 
	"lc205": 789.81, 
	"lc206": 916.55, 
	"lc207": 1091.94, 
	"lc208": 941.0699999999999, 
	"lr101": 1906.96, 
	"lr102": 1820.0500000000002, 
	"lr103": 1815.9899999999998, 
	"lr104": 1397.22, 
	"lr105": 1721.9399999999998, 
	"lr106": 1586.3500000000001, 
	"lr107": 1504.4299999999998, 
	"lr108": 1406.75, 
	"lr109": 1435.58, 
	"lr110": 1436.64, 
	"lr201": 1690.79, 
	"lrc101": 1941.3499999999997, 
	"lrc201": 2336.5299999999997
}